Date,Regime_droit_commun,Regime_derogatoire,Inscriptions_hypotheques,pourcentage_droit_commun,pourcentage_regime_derogatoire,pourcentage_inscriptions_hypotheques
2000-01-31,100536534.04070733,61449861.29680249,41068748.91697677,49.511936479041424,30.262646889550414,20.225416631408166
2000-02-29,150359667.6603505,80812969.95585585,67051016.04729172,50.418424498953215,27.098108739235528,22.483466761811265
2000-03-31,128062404.69282864,81260229.96426086,54021782.931909665,48.629246013748904,30.857016339371757,20.513737646879342
2000-04-30,99475743.77857156,44382202.898462355,40391849.87227313,53.98960847804838,24.088060735841978,21.922330786109647
2000-05-31,133794318.44885145,65037177.2336703,60117431.477977976,51.66822659432147,25.115831892734374,23.215941512944152
2000-06-30,109082300.35870111,50543048.8075692,42245045.53398063,54.03580872800736,25.037375531275146,20.926815740717483
2000-07-31,125943451.69886404,61026662.82495143,71868811.52270652,48.65707551121109,23.577080834427083,27.76584365436182
2000-08-31,134837172.7051291,52286354.13601806,56592810.19944905,55.32545513461786,21.45377481498446,23.22077005039769
2000-09-30,140774315.5000079,64647784.33139165,60005229.001291245,53.03685800520693,24.3561145778405,22.607027416952562
2000-10-31,156204749.6982813,62158114.02271795,71291944.44148016,53.92789806915946,21.459375874696647,24.612726056143888
2000-11-30,127574613.91444947,60304842.136501834,61462565.38157227,51.16450615965405,24.18559125735708,24.64990258298886
2000-12-31,119843107.55147716,62491240.53355124,83537894.5062964,45.075449164390335,23.504236442465796,31.42031439314386
2001-01-31,107905223.35561799,73039924.8731243,46198887.02054149,47.50519785262916,32.155774987868455,20.33902715950238
2001-02-28,131436229.02960104,80809234.95493352,52419238.86271001,49.66141220027423,30.53268308376348,19.805904715962296
2001-03-31,145712612.69741353,66529259.28579668,53039909.628222585,54.92748571435777,25.07871399297383,19.993800292668396
2001-04-30,101069118.16752516,62523127.78632339,43110193.706802934,48.89594836589875,30.247890585601777,20.85616104849948
2001-05-31,111880506.04135767,63117856.81073607,46985523.949486524,50.400282494991075,28.43353079368045,21.166186711328475
2001-06-30,131982585.07340963,63422500.763515495,52414538.35134518,53.25751966000139,25.592202785092184,21.15027755490642
2001-07-31,151273022.90880513,96322853.47972505,50703679.25539835,50.71178285272919,32.29064598228997,16.997571164980833
2001-08-31,164146575.93472335,92648984.6133207,60467403.605216,51.73833522384579,29.20258431695318,19.05908045920105
2001-09-30,225237595.6716851,80526950.19134893,57685310.67331141,61.97212397280478,22.156275134833116,15.871600892362112
2001-10-31,174670733.0753637,109775361.29146676,75679274.7085556,48.50275711589743,30.482540447875856,21.014702436226713
2001-11-30,147652477.5172842,65976377.516615674,64714175.87839854,53.046946077053825,23.703261870926383,23.249792052019785
2001-12-31,129499874.17126499,75883607.20799279,74399617.65786476,46.28581019258869,27.122298476622532,26.591891330788776
2002-01-31,136093433.9737374,77251148.33333333,64291214.99999999,49.01869113917444,27.8246353973915,23.15667346343405
2002-02-28,151709868.10678214,111000461.66666667,90301643.33333333,42.97584208592597,31.44382347425091,25.580334439823122
2002-03-31,127941792.81717172,67013545.0,64633878.333333336,49.28625106791548,25.815226839448822,24.898522092635698
2002-04-30,141775914.894228,69363996.66666666,67069359.99999999,50.960168975963114,24.932309508414143,24.107521515622746
2002-05-31,115559480.81096682,77629406.66666667,50928668.333333336,47.337636339621,31.800009798057804,20.862353862321196
2002-06-30,151043799.13780665,66020803.333333336,68489158.33333333,52.89504810312429,23.12027099462354,23.98468090225216
2002-07-31,174873095.7842713,92528550.0,68485168.33333333,52.06310234108883,27.54753866807133,20.389358990839842
2002-08-31,166555380.537518,81636890.0,73737388.33333333,51.736575350559754,25.358611035198315,22.90481361424192
2002-09-30,190308784.7582973,85789570.0,66561611.666666664,55.53866906129266,25.03635627326377,19.42497466544356
2002-10-31,181646460.8730159,62989815.0,61580349.99999999,59.319594537085116,20.570344546256305,20.110060916658583
2002-11-30,147643303.27561328,75512823.33333333,56466991.666666664,52.80082140064227,27.005214661437027,20.19396393792069
2002-12-31,157809156.13059166,76961688.33333333,56259041.666666664,54.22438163611112,26.444599678948048,19.33101868494082
2003-01-31,156188211.00115442,95811620.0,70898103.33333333,48.370768095208724,29.672416516839466,21.95681538795181
2003-02-28,179610607.83419916,71681700.0,77971395.0,54.549167214049746,21.770301245775435,23.680531540174808
2003-03-31,154129960.4845599,74094075.0,54349130.0,54.545151242601534,26.22120004670032,19.233648710698148
2003-04-30,146765082.7629149,83054575.0,81209638.33333333,47.18689994961064,26.703135698927444,26.10996435146191
2003-05-31,126548534.5743146,76463014.99999994,67246766.6666666,46.82502885923226,28.29256692764274,24.88240421312501
2003-06-30,146813199.15873018,84952075.0,64835033.333333336,49.498667213168225,28.641937602264004,21.85939518456777
2003-07-31,211866261.79473308,85292468.33333333,88537063.33333333,54.930923641493266,22.113922365572638,22.95515399293409
2003-08-31,168662722.55642137,99523061.66666666,58690970.0,51.598261539672485,30.446662352362875,17.955076107964647
2003-09-30,238636648.83838385,110391199.99999999,97360050.0,53.45947985135301,24.729881855504214,21.810638293142777
2003-10-31,223566996.30591634,100775833.33333333,117025076.66666666,50.65320634141439,22.83261467214262,26.514178986442992
2003-11-30,187920224.6757554,73113051.66666667,100952178.33333333,51.91375019310733,20.19778715477861,27.888462652114065
2003-12-31,180512388.74098122,98139245.0,120479625.0,45.22632211528336,24.58821323831419,30.185464646402455
2004-01-31,178188877.50000003,91729656.66666666,88000310.0,49.7847152794854,25.62861893461868,24.586665785895928
2004-02-29,167816423.8816739,128950166.66666666,94591455.0,42.88053504727174,32.949409915922814,24.170055036805437
2004-03-31,197856181.25541127,124239093.33333334,107970730.0,46.00600353069372,28.88837806469692,25.10561840460936
2004-04-30,175443908.55936766,119910601.66666666,97678666.66666667,44.63844755967364,30.509027918374066,24.8525245219523
2004-05-31,144166909.95670998,104270969.99999999,75098191.66666667,44.55976399581573,32.22854548391136,23.211690520272903
2004-06-30,198470223.3643471,99921969.99999999,93825635.0,50.60204024687527,25.476141769664384,23.921817983460343
2004-07-31,223380608.75632656,191541795.0,76646826.66666667,45.44234971015344,38.965375199578524,15.592275090268037
2004-08-31,253802415.704917,117415000.0,143818026.66666666,49.27863110473194,22.797460201833715,27.923908693434335
2004-09-30,270862087.55411255,140493156.66666666,99959710.0,52.9736291337096,27.476833115661925,19.549537750628488
2004-10-31,236151303.1601732,126592631.66666667,93822843.33333334,51.72327783282699,27.72707908726888,20.549643079904143
2004-11-30,211873407.92207792,102853000.0,95962418.33333333,51.58976684462115,25.044022000256412,23.366211155122443
2004-12-31,206437886.95526707,110901333.33333333,103945166.66666667,49.002026504530086,26.324577118759706,24.67339637671021
2005-01-31,184303551.1111111,116602333.33333333,89124510.00000001,47.25363811034043,29.89570428207796,22.850657607581613
2005-02-28,209028471.54401156,131208166.66666666,78534281.66666667,49.91475329882852,31.331728264488046,18.753518436683432
2005-03-31,204545219.33621934,104906333.33333333,92189026.66666667,50.92742861646743,26.119455734953178,22.953115648579388
2005-04-30,194553710.93795094,102596988.33333334,90196780.0,50.22717878633528,26.487067510120056,23.28575370354467
2005-05-31,200058448.05194804,101155333.33333333,81319205.0,52.29835208262333,26.44355831615818,21.258089601218476
2005-06-30,224953225.95238096,123290833.33333333,94325690.0,50.8288752937688,27.857944094082036,21.31318061214916
2005-07-31,224903119.40836942,114003338.33333333,98288333.33333333,51.4423145013567,26.07609712206449,22.481588376578813
2005-08-31,264905249.82251084,148518833.33333334,87410000.0,52.89281595080271,29.654298365137187,17.452885684060103
2005-09-30,316337095.30764794,138992980.0,104256663.33333333,56.53048463512695,24.83850498987162,18.631010375001424
2005-10-31,252521166.58277875,105914833.33333333,71428563.33333333,58.744355355536406,24.63911715185329,16.61652749261031
2005-11-30,237583773.56421357,124415666.66666666,84904713.33333334,53.16213144796298,27.839451854364995,18.998416697672013
2005-12-31,216072285.90720648,148389000.0,114323686.66666666,45.12929567225881,30.992827365128843,23.877876962612337
2006-01-31,242927961.6594517,182664500.0,98000860.0,46.39630637180921,34.886713111823475,18.71698051636731
2006-02-28,288899088.85541123,248555833.3333333,119827006.66666667,43.95360288673983,37.81571079645651,18.23068631680367
2006-03-31,266930457.76758635,149235166.66666666,118638000.0,49.91186401362953,27.904666282794267,22.183469703576208
2006-04-30,217234313.31890336,116358833.33333333,129870141.66666666,46.87195702314767,25.106375470513697,28.02166750633863
2006-05-31,223135634.55988458,109166853.33333333,87631000.0,53.135946761317655,25.99622475478608,20.867828483896265
2006-06-30,243781641.67388168,166297166.66666666,129299745.0,45.19676211893521,30.831253047925944,23.971984833138855
2006-07-31,287117009.0404041,148990000.0,104798333.33333333,53.08082330642265,27.544560633504645,19.374616060072693
2006-08-31,280750963.891342,148050666.66666666,105169850.0,52.57789490891026,27.726324730292966,19.695780360796768
2006-09-30,325017632.0346321,270762508.3333333,120265114.99999999,45.39065507355539,37.813602744171845,16.795742182272747
2006-10-31,293563733.30447334,201062500.0,125580021.66666667,47.33324292547383,32.41865079373571,20.248106280790456
2006-11-30,258288778.00865802,124623500.0,110947568.33333334,52.30001586923842,25.23458850179528,22.465395628966284
2006-12-31,235638324.7907648,154590833.33333334,112043166.66666667,46.914455198965285,30.77829012333744,22.307254677697262
2007-01-31,260461460.88383842,207789166.66666666,114358333.33333333,44.706051291883526,35.66528848980337,19.6286602183131
2007-02-28,263606944.44444448,236855666.66666666,86199166.66666667,44.93337633874222,40.37346144551204,14.693162215745737
2007-03-31,242521009.40259743,158040833.33333334,124862500.0,46.15717043861523,30.07870410236435,23.764125459020413
2007-04-30,231734370.31024534,112185666.66666667,88636000.0,53.57325999419916,25.93552212349649,20.491217882304348
2007-05-31,226506480.71428573,131775333.33333333,84086000.0,51.20320093855274,29.788634965912834,19.008164095534422
2007-06-30,259581771.2842713,144729166.66666666,105635016.66666666,50.903780868097094,28.381275575603958,20.71494355629895
2007-07-31,301360450.93795097,133421000.0,105982658.33333333,55.72863394060198,24.672680326324485,19.598685733073523
2007-08-31,319834065.0,166819833.33333334,108753166.66666667,53.71687435385068,28.017778615598615,18.265347030550714
2007-09-30,299427944.4444445,110947500.0,83723666.66666667,60.60078589720641,22.454503055167514,16.944711047626072
2007-10-31,339841794.3722944,144200376.66666666,99205333.33333333,58.26716648158497,24.723702302311384,17.009131216103633
2007-11-30,252575938.05555555,180544500.0,100699666.66666667,47.31480433600109,33.82122524102906,18.863970422969846
2007-12-31,253592961.3888889,280785606.6666666,127238666.66666666,38.329255660239724,42.439282402392905,19.231461937367364
2008-01-31,227730599.92784995,208114333.33333334,113437068.33333334,41.45968724020964,37.88843121187222,20.65188154791813
2008-02-29,267312750.36075038,174996333.33333334,106664833.33333333,48.693160470755146,31.87698502706707,19.429854502177786
2008-03-31,232691690.47619048,201469000.0,86660000.0,44.677889095273585,38.682987001878764,16.639123902847654
2008-04-30,260819611.1832612,187786000.0,121567000.0,45.74397402954703,32.93493870396434,21.321087266488625
2008-05-31,203140708.7085137,99024333.33333333,101645333.33333333,50.305965645329344,24.522483663608146,25.17155069106251
2008-06-30,238976945.1659452,206602000.0,116490166.66666667,42.517359544410304,36.75740147441647,20.725238981173238
2008-07-31,283900928.2106782,182930500.0,104192666.66666667,49.71785442287855,32.0355133244059,18.246632252715557
2008-08-31,307527228.71572876,116105333.33333333,125619333.33333333,55.99019890529915,21.13881341319714,22.870987681503717
2008-09-30,285319300.5050505,126839318.33333334,97712500.0,55.95910220509851,24.876741130642113,19.164156664259384
2008-10-31,279523186.1919192,122995333.33333333,78716666.66666667,58.08452794231963,25.558258594225506,16.35721346345486
2008-11-30,203240944.44444445,109216968.33333334,87870130.0,50.76860042933929,27.28186803390131,21.9495315367594
2008-12-31,211612065.0,176322833.33333334,76644666.66666667,45.54915475027404,37.95320470742903,16.497640542296917
2009-01-31,153481451.2987013,97113166.66666667,53619833.333333336,50.45172924674816,31.922601392566147,17.62566936068571
2009-02-28,185960972.22222224,168732166.66666666,69925000.0,43.79487242557087,39.737390189734526,16.4677373846946
2009-03-31,158221722.22222224,115223666.66666667,78512500.0,44.95473101106477,32.737912774287075,22.307356214648152
2009-04-30,147825833.33333334,119274833.33333333,46327928.333333336,47.16411830048032,38.054866478705726,14.78101522081396
2009-05-31,125121694.44444445,74855166.66666667,36420333.333333336,52.92858688043746,31.664997904303956,15.406415215258596
2009-06-30,185859361.11111113,116711320.0,69610500.0,49.937871806480345,31.35873760504751,18.703390588472136
2009-07-31,240187305.55555558,172027680.0,86391333.33333333,48.17173318035701,34.50170474841801,17.326562071224984
2009-08-31,216756508.05555558,141348666.66666666,66571333.33333333,51.04038107688308,33.28384405199443,15.675774871122508
2009-09-30,254473478.88888893,149546833.33333334,49939333.333333336,56.05640972282116,32.94275929533737,11.000830981841482
2009-10-31,253896323.31529585,113194000.0,86892666.66666667,55.92639568398445,24.933533303637077,19.140071012378474
2009-11-30,182501876.6915423,114411156.66666666,68488491.66666667,49.94557061006191,31.311078041854866,18.74335134808322
2009-12-31,195154240.55555558,161545333.33333334,62067500.0,46.602097615567466,38.57641715551782,14.821485228914705
2010-01-31,211723194.44444445,211167833.33333334,75211500.0,42.50594659477458,42.39445125392803,15.099602151297386
2010-02-28,228934527.7777778,196561166.66666666,72058666.66666667,46.01196284694073,39.50546553902513,14.482571614034134
2010-03-31,268609026.4646465,146765000.0,88827500.0,53.274139875790475,29.108400569328868,17.617459554880657
2010-04-30,233091740.2597403,93994666.66666667,75678166.66666667,57.872949991684365,23.337371961028673,18.789678047286955
2010-05-31,203532838.38383842,188161333.33333334,56863500.0,45.37495426277573,41.9480805250778,12.676965212146463
2010-06-30,269220794.73304474,114889833.33333333,82928166.66666667,57.64420381543015,24.599633826779495,17.75616235779036
2010-07-31,354240166.6666667,137153500.0,114491000.0,58.466600354082786,22.63689899177731,18.896500654139896
2010-08-31,300770191.1111111,103304000.0,58378166.666666664,65.03809226022807,22.33830107308928,12.623606666682651
2010-09-30,349518750.0,122162583.33333333,72310333.33333333,64.25075445395917,22.456701236232174,13.292544309808669
2010-10-31,331265500.0,132336668.33333333,76290500.0,61.35765855510276,24.511662427619374,14.130679017277883
2010-11-30,348798027.7777778,163238000.0,104197833.33333333,56.60156797435173,26.489618682373422,16.908813343274844
2010-12-31,321251250.0,226859666.66666666,106467833.33333333,49.07755560350836,34.657352788593684,16.265091607897954
2011-01-31,265057583.33333334,298848833.3333333,83208666.66666667,40.95988335923248,46.181713427840826,12.858403212926708
2011-02-28,290251757.85962677,365461803.2786885,119301904.76190476,37.451092349813244,47.155420679790694,15.393486970396072
2011-03-31,310708723.40425533,240647343.75,131841176.47058825,45.47862660506741,35.22369945071733,19.297673944215255
2011-04-30,260174447.3684211,126223030.3030303,72729285.71428572,56.66723617891874,27.491978331261755,15.840785489819492
2011-05-31,260772658.57826385,180621666.66666663,108548000.0,47.41818307258352,32.84374713043268,19.738069796983794
2011-06-30,277391210.5263158,194025634.8484848,78084915.71428572,50.480495272033274,35.30937452574042,14.21013020222631
2011-07-31,309707657.8947368,91413333.33333331,61087571.428571425,67.00604076104227,19.777507540733524,13.216451698224214
2011-08-31,388917789.4736842,189249545.4545454,74579142.85714285,59.58175228967886,28.99280990326109,11.425437807060062
2011-09-30,445727279.4805195,161933939.39393938,106598142.85714285,62.40412143845461,22.671587951099134,14.924290610446267
2011-10-31,389794500.0,171547272.72727272,106107947.14285713,58.40057885946,25.701901974077064,15.897519166462947
2011-11-30,397729739.5488722,170954090.90909088,92888857.14285713,60.11882700164528,25.840560548086174,14.040612450268569
2011-12-31,332160210.5263158,352804981.81818175,118033571.42857143,41.364971592930836,43.93593087994915,14.699097527120008
2012-01-31,381660749.14559126,382502878.7878788,145012428.57142857,41.97875058575467,42.07137617089435,15.949873243350998
2012-02-29,546324263.1578947,212472727.27272728,114257857.14285713,62.57616742823414,24.33669864651257,13.087133925253283
2012-03-31,312640583.73205745,186851060.6060606,75928428.57142857,54.33258213451359,32.47211374835593,13.19530411713047
2012-04-30,205379000.0,202198030.3030303,90373857.14285713,41.24483060035085,40.6060186658475,18.149150733801655
2012-05-31,221874578.9473684,96525757.57575758,64066714.28571428,58.011423069817035,25.237666191538636,16.75091073864433
2012-06-30,235536736.84210527,111890000.0,45694428.57142857,59.914539730858394,28.46196283588551,11.6234974332561
2012-07-31,354454421.0526316,166143793.93939394,110414142.85714285,56.17234221225145,26.329721101770794,17.497936685977752
2012-08-31,310685078.94736844,185218030.3030303,59316571.428571425,55.95714448872491,33.35941371468134,10.683441796593744
2012-09-30,260473000.0,149279542.42424244,53553142.85714286,56.22054904027427,32.22052894377469,11.558922015951033
2012-10-31,339058584.7368421,160576363.63636363,64259000.0,60.12807651421021,28.476341003412987,11.395582482376817
2012-11-30,242200210.5263158,112933030.3030303,74607571.42857143,56.35960179201097,26.279335609216304,17.361062598772726
2012-12-31,224945437.7990431,126500454.54545455,73631857.14285713,52.9186573680528,29.75936865620808,17.321973975739123
2013-01-31,268853894.7368421,198086666.66666666,147276571.42857143,43.771799965460026,32.25026722281633,23.97793281172362
2013-02-28,253305605.2631579,103078198.48484848,62763000.0,60.4336244480697,24.59238566610178,14.97398988582852
2013-03-31,232289997.265892,117699242.42424242,60984285.71428572,56.52188837159427,28.639130053066076,14.838981575339648
2013-04-30,248725622.80701756,131513333.33333333,106150428.57142857,51.13714045268593,27.03869316787503,21.824166379439035
2013-05-31,252352894.73684213,70382289.39393939,52278714.28571428,67.29161127158423,18.767914920254984,13.940473808160784
2013-06-30,255296772.04374573,95065454.54545455,70611285.71428572,60.64437894128088,22.5822888535848,16.773332205134324
2013-07-31,422798631.57894737,153914571.21212122,100198714.28571428,62.459918478727104,22.737754695883503,14.8023268253894
2013-08-31,341377184.21052635,121464848.48484848,80359285.71428572,62.845426297929826,22.360926670882005,14.793647031188165
2013-09-30,269727526.31578946,89745303.03030303,58555000.0,64.52382051637939,21.468738856618405,14.007440627002204
2013-10-31,363050226.5892003,88091212.12121212,87561924.28571428,67.39334697485648,16.35245260606355,16.25420041907996
2013-11-30,263007397.47095013,92542575.75757577,68114428.57142857,62.07918256845587,21.843368327479272,16.077449104064872
2013-12-31,299127485.36568695,246978484.84848484,101956000.0,46.15723481919965,38.11031910526447,15.732446075535886
2014-01-31,335205634.3130554,185566363.63636363,82627571.42857143,55.55284612791477,30.753479626717862,13.69367424536736
2014-02-28,245341397.47095013,96038333.33333333,79462571.42857143,58.29770347924793,22.82050374303738,18.881792777714697
2014-03-31,381182170.35106707,108478181.81818181,78586428.57142857,67.08039240525353,19.089977364550425,13.829630230196043
2014-04-30,178229269.43001446,115310454.54545455,68679714.28571428,49.20477771308889,31.834419240170202,18.96080304674092
2014-05-31,226307881.09668112,82549242.42424242,60604142.85714286,61.25347950956848,22.34313849283744,16.40338199759408
2014-06-30,260656569.98557,129311515.15151516,61639857.14285714,57.71744594872391,28.63357860773796,13.648975443538122
2014-07-31,385599898.04112554,113156515.15151516,85677000.0,65.97841419344452,19.361746367882045,14.659839438673433
2014-08-31,381492103.3189033,206210757.57575756,54212000.0,59.43032737818273,32.12431587708592,8.445356744731333
2014-09-30,286050212.987013,72864090.9090909,52609428.57142857,69.5100161713228,17.705926817924066,12.78405701075314
2014-10-31,355009831.0966811,124703939.39393939,84311857.14285713,62.94214548126492,22.10962291149226,14.948231607242807
2014-11-30,228157134.00000003,86726363.63636364,67207285.71428572,59.71280751637954,22.697842349359625,17.58935013426083
2014-12-31,272364582.5,138888939.3939394,74243428.57142857,56.100163397304115,28.607582243474216,15.292254359221685
2015-01-31,262568355.55555555,238370303.03030303,98230417.14285715,43.82208064330042,39.78347893545649,16.394440421243083
2015-02-28,230178839.4660895,113376212.12121212,86071571.42857143,53.576484122490065,26.38947542993007,20.034040447579855
2015-03-31,281293688.8888889,122965909.0909091,105688857.14285713,55.16120032587036,24.11339966925339,20.725400004876253
2015-04-30,263579027.02741703,120916666.66666667,103797714.28571428,53.97964066685128,24.763116743052432,21.257242590096297
2015-05-31,256221385.7142857,97942727.27272727,89481571.42857143,57.75360714977015,22.076790266031203,20.169602584198635
2015-06-30,268540468.4444445,123561212.12121212,85305142.85714285,56.249817821858095,25.88174405119138,17.86843812695052
2015-07-31,412773350.0,154083030.3030303,116341857.14285713,60.41780077523893,22.55319493783595,17.029004286925137
2015-08-31,368210000.0,141540000.0,89638285.71428572,61.43096366343019,23.61407511181638,14.954961224753427
2015-09-30,346665133.3333334,104010151.51515152,117987571.42857143,60.96145185266607,18.290301602620776,20.748246544713147
2015-10-31,347142822.2222222,121535454.54545455,103651285.71428572,60.654358079426096,21.235222241256295,18.110419679317612
2015-11-30,362829277.7777778,137568333.33333334,118403714.28571428,58.63421148057534,22.23142189379013,19.134366625634527
2015-12-31,384171922.2222222,244948484.84848484,155332285.7142857,48.97324284251239,31.225399198880904,19.801357958606694
2016-01-31,291950252.7777778,307010757.57575756,111954857.14285713,41.06677964664493,43.18524478247287,15.747975570882197
2016-02-29,322888133.3333334,127543333.33333333,93480857.14285713,59.36400393943045,23.449244988609333,17.18675107196023
2016-03-31,284955520.63492066,92171212.12121212,108311428.57142857,58.70068390495569,18.987220095994335,22.312095999049973
2016-04-30,310619081.5555556,169780303.03030303,112463645.71428572,52.39305972549862,28.63735708808654,18.969583186414845
2016-05-31,276785111.1111111,129640303.03030303,65250000.0,58.68126741669166,27.485066879367864,13.833665703940474
2016-06-30,332062426.66666675,122683030.3030303,89328142.85714285,61.032629918516704,22.54897689247854,16.41839318900475
2016-07-31,416622088.8888889,148907575.75757575,86896428.57142857,63.857361503435165,22.82366957813328,13.31896891843157
2016-08-31,436872633.0555555,140171515.15151516,144148857.14285713,60.576382440589796,19.436061374930137,19.987556184480063
2016-09-30,370034977.7777778,123366515.15151516,68576857.14285713,65.845059285695,21.952182879585425,12.202757834719584
2016-10-31,368490977.4461028,135340606.06060606,91944571.42857143,61.8505749841788,22.716687289256857,15.43273772656434
2016-11-30,324969266.6666667,229512557.57575756,73288714.28571428,51.765612866858135,36.55994403844903,11.674443094692833
2016-12-31,370017865.8008658,459459393.93939394,84620000.0,40.47904770067971,50.263731681019266,9.257220618301025
2017-01-31,316054200.0,328228636.3636364,102930714.28571428,42.29770722510848,43.927018732248094,13.775274042643426
2017-02-28,397257022.2222222,186401212.12121212,102409571.42857143,57.90346360520504,27.169502861522847,14.927033533272105
2017-03-31,407443539.17748916,172125909.0909091,97113142.85714285,60.211913904830816,25.436727846745438,14.351358248423743
2017-04-30,356890466.6666667,144303484.84848484,109191285.71428572,58.469708128362775,23.641378599437314,17.888913272199915
2017-05-31,458841853.5555556,208929090.9090909,113256428.57142857,58.74849837489141,26.750546539351657,14.500955085756942
2017-06-30,406559088.8888889,178186363.63636363,131736857.14285713,56.743772093579814,24.869611047187398,18.38661685923279
2017-07-31,512731066.6666667,215160303.03030303,102564714.28571428,61.74090075994406,25.90869128183657,12.350407958219362
2017-08-31,566336805.5555556,230388636.36363637,156673571.42857143,59.40186612601178,24.164975329127955,16.433158544860262
2017-09-30,378676866.6666667,128863030.3030303,81198000.0,64.32011063255159,21.888013488906257,13.791875878542154
2017-10-31,463805944.4444445,189314242.42424244,80885285.71428572,63.18834964708188,25.791938820025923,11.019711532892199
2017-11-30,383698844.4444445,257762727.27272728,94370571.42857143,52.1448876647465,35.030098871567404,12.825013463686084
2017-12-31,412840022.2222222,230468181.8181818,118253428.57142857,54.2096666301789,30.262577833362474,15.52775553645863
2018-01-31,389645977.7777778,445978030.3030303,131563000.0,40.286519000183155,46.11083757090428,13.602643428912556
2018-02-28,350294155.5555556,163321515.15151516,89271000.0,58.10281974632605,27.08991972902142,14.807260524652536
2018-03-31,372585555.5555556,151738333.33333334,83315142.85714285,61.31692272712348,24.971788414795867,13.711288858080659
2018-04-30,344953045.4574315,161641212.12121212,72065285.71428572,59.61243523167978,27.933733055083486,12.45383171323674
2018-05-31,362125355.5555556,173642575.75757575,111367000.0,55.958245805206396,26.832514728455408,17.2092394663382
2018-06-30,353671222.2222222,147965757.57575756,95688285.71428572,59.209151636824565,24.771387737778394,16.019460625397045
2018-07-31,512810466.6666667,261672424.24242425,79374142.85714285,60.058118208002284,30.64592945826386,9.295952333733853
2018-08-31,479839773.7777778,195390606.06060606,90134000.0,62.69429129679407,25.529095840841876,11.776612862364056
2018-09-30,468649707.5555556,159978181.8181818,58262000.0,68.22777781499167,23.29022224567023,8.481999939338108
2018-10-31,485245574.2222222,196724090.9090909,104638714.28571428,61.68833016778289,25.00915271902995,13.302517113187164
2018-11-30,412375828.7676768,192488787.87878788,102221714.28571428,58.32043567070884,27.222812753998877,14.456751575292298
2018-12-31,359630554.3088023,254960454.54545456,83658428.57142857,51.50459635666771,36.514237016136505,11.98116662719579
2019-01-31,456586735.6421356,438713333.3333333,155807428.57142857,43.43863369900128,41.73819845802776,14.82316784297097
2019-02-28,397757604.7215007,185784848.4848485,82214000.0,59.7452120525247,27.905827662667065,12.34896028480824
2019-03-31,409308263.1111111,218299848.4848485,91829142.85714285,56.892836807882105,30.343139326416225,12.76402386570167
2019-04-30,410779910.1789322,169565454.54545453,88701142.85714285,61.397810992814264,25.344344918322648,13.257844088863106
2019-05-31,405576715.44011545,230625757.57575756,70890000.0,57.35836979147294,32.61606739951543,10.025562809011635
2019-06-30,424412316.25207293,173220219.6969697,71372285.71428572,63.43935088492611,25.892222908991453,10.668426206082456
2019-07-31,740148244.4444444,332821818.1818182,117031285.71428572,62.19726099273567,27.96818832566339,9.834550681600936
2019-08-31,560202844.4444444,259785303.03030303,70711285.71428572,62.89471212962505,29.16643857066077,7.938849299714179
2019-09-30,479116567.5555556,168913333.33333334,70806000.0,66.65173052195858,23.498177139519694,9.850092338521716
2019-10-31,631509311.1111112,249432727.27272728,80955000.0,65.65248523606657,25.931333325635304,8.416181438298125
2019-11-30,465490644.4444445,181840303.03030303,147924142.85714287,58.53350077271149,22.86565722633905,18.600842000949463
2019-12-31,477360333.3333334,235468484.84848484,72498428.57142857,60.78489385245054,29.983485969953882,9.231620177595582
2020-01-31,576439355.5555556,539959848.4848485,133047428.57142857,46.13557238139669,43.21591930310149,10.648508315501827
2020-02-29,435841111.1111111,168469090.9090909,105612428.57142857,61.39276201800931,23.730626923203342,14.876611058787347
2020-03-31,410324806.55988455,114249090.9090909,84234142.85714285,67.39805971354899,18.76602859053758,13.835911695913447
2020-04-30,304003765.3333333,110724696.96969697,66381428.57142857,63.18800987042279,23.014429565861818,13.797560563715408
2020-05-31,275217733.3333334,83417727.27272727,46759428.57142857,67.88880192637015,20.576906492821003,11.534291580808867
2020-06-30,547395244.4444444,196188030.3030303,77767142.85714285,66.64576199289766,23.88603281839098,9.468205188711366
2020-07-31,574161822.2222222,297612575.75757575,92314285.71428572,59.55487621970784,30.86983394693715,9.575289833355008
2020-08-31,400829222.2222222,194310000.0,70612428.57142857,60.20701890027441,29.186559247485256,10.60642185224034
2020-09-30,495194034.6666666,171516969.6969697,85646857.14285713,65.81894866827184,22.79725892057943,11.38379241114874
2020-10-31,624385800.0,258227121.21212122,81023000.0,64.79478257873666,26.797166391151865,8.408051030111478
2020-11-30,538582444.4444444,191456969.6969697,53343142.85714286,68.75088545601055,24.439779515964172,6.809335028025282
2020-12-31,521541711.1111111,267857424.24242425,104410142.85714285,58.350447217910784,29.96807381309014,11.68147896899908
2021-01-31,506702108.0808081,376732727.27272725,78923285.71428572,52.65213614226869,39.14683307859543,8.201030779135877
2021-02-28,437629730.4444445,221249393.93939394,77469285.71428572,59.432426884187464,30.046835289548696,10.520737826263836
2021-03-31,510115704.0,211614242.42424244,88018857.14285713,62.99678391037343,26.133319554415014,10.86989653521155
2021-04-30,415725918.22222227,186854545.45454547,61130428.57142857,62.63659721087726,28.153002705984036,9.210400083138715
2021-05-31,474580955.5555556,183606666.66666666,63499571.428571425,65.75992476114152,25.4413086835942,8.798766555264285
2021-06-30,568297600.0,211421666.66666666,70772714.28571428,66.81986576329861,24.858748983137584,8.321385253563825
2021-07-31,822676644.4444444,294773484.8484849,91580428.57142857,68.04432188195703,24.380978870308734,7.574699247734238
2021-08-31,712731088.888889,256691515.15151516,97720428.57142857,66.78871220706746,24.054087156738742,9.157200636193801
2021-09-30,627035311.1111112,182122878.78787878,60093285.71428572,72.13508733692102,20.951690494328716,6.9132221687502575
2021-10-31,582896911.1111112,215868484.84848484,70232285.71428572,67.07692361023597,24.84108869343292,8.081987696331112
2021-11-30,480305177.7777778,191645909.0909091,95896000.0,62.55219118385703,24.958863863435266,12.488944952707701
2021-12-31,622089688.888889,292478636.3636364,93076285.71428572,61.73701343889575,29.025971377250766,9.237015183853485
2022-01-31,542617063.6363636,357445454.54545456,71158571.42857143,55.869571762906965,36.803716308183304,7.326711928909726
2022-02-28,487178311.1111111,147284848.4848485,84366714.28571428,67.77379861529033,20.48952802830965,11.73667335640002
2022-03-31,594767444.4444444,193910757.57575756,64133000.0,69.74198310663785,22.73782955904044,7.520187334321715
2022-04-30,538762727.3333334,237200454.54545453,89409857.14285713,62.257859101138195,27.410196972813427,10.33194392604838
2022-05-31,518959422.22222227,242245000.0,141703285.7142857,57.47646383573848,26.829430945231724,15.694105219029783
2022-06-30,655860674.888889,197351363.63636363,78479142.85714285,70.39464234444686,21.18205770108759,8.423299954465548
2022-07-31,844219577.7777778,279757272.72727275,135657714.28571427,67.020991752319,22.20939949942884,10.769608748252162
2022-08-31,743210066.6666667,291607272.72727275,112625714.28571428,64.77097615287478,25.413659683775858,9.815364163349358
2022-09-30,654687606.0,192416060.6060606,75827000.0,70.93573002699279,20.84837654313101,8.215893429876205
2022-10-31,668730101.1111112,194703333.33333334,97997428.57142857,69.5557139712989,20.25141284965374,10.192873179047368
2022-11-30,512038244.4444445,180152424.24242425,115338000.0,63.40805773212678,22.309105698423327,14.2828365694499
2022-12-31,544075866.6666667,293281212.1212121,113787285.71428572,57.202238374343914,30.83456340244601,11.963198223210075
2023-01-31,494387245.021645,443082424.24242425,105847857.14285713,47.38607686619256,42.46860740165581,10.145315732151628
2023-02-28,475948444.4444445,243691969.6969697,73498714.28571428,60.00819117174262,30.72499653121823,9.26681229703915
2023-03-31,501735577.7777778,154332727.27272728,94053857.14285713,66.88718225718057,20.574345760090242,12.53847198272919
2023-04-30,412016977.7777778,147148636.36363637,57924000.0,66.76777056943932,23.845586279777404,9.386643150783277
2023-05-31,404564777.7777778,177388636.36363637,54221714.28571428,63.59330311733795,27.88361701630962,8.523079866352427
2023-06-30,494755502.4444445,174274696.96969697,82036428.57142857,65.87371665965567,23.203626745754608,10.922656594589728
2023-07-31,534905244.4444445,212306515.15151516,70247285.71428572,65.43511231702563,25.97151702822491,8.593370654749458
2023-08-31,507133460.22222227,205126060.6060606,65689571.428571425,65.18851493881334,26.3675428955105,8.443942165676157
2023-09-30,427063388.2222222,128325606.06060606,75649428.57142857,67.67628923300218,20.335624807151216,11.988085959846597
2023-10-31,455897678.4444445,137617575.75757575,80477428.57142857,67.6413394531891,20.418259615413895,11.940400931397011
2023-11-30,376428585.1111111,148027878.78787878,71970285.71428572,63.11396753334557,24.81912135628732,12.066911110367098
2023-12-31,315033197.1111111,181270909.0909091,96632571.42857143,53.13100184154597,30.57171464165075,16.297283516803283
2024-01-31,332241044.4444445,258445000.0,50614428.57142857,51.807391141004366,40.30014180164236,7.892467057353285
2024-02-29,289727289.5555555,112459848.48484848,40712571.428571425,65.41600352434878,25.391718730112682,9.192277745538528
2024-03-31,313701509.7777778,130333181.81818181,27141428.57142857,66.57839740824161,27.661245177680087,5.760357414078288
2024-04-30,304940337.45454544,131669848.48484848,42175714.28571428,63.69033367757348,27.500778202311714,8.808888120114805
2024-05-31,,,,,,
2024-06-30,,,,,,
2024-07-31,,,,,,
2024-08-31,,,,,,
2024-09-30,,,,,,
2024-10-31,,,,,,
2024-11-30,,,,,,
2024-12-31,,,,,,
